month,y,sg_hsfo,sg_lsmgo,sg_mgo,sg_vlsfo,fujairah_total,rotterdam_total,panama_total,year,month_num,t,y_lag1,y_lag3,y_lag6,y_lag12
2020-01-01,4.514e+06,763000.0,445000.0,108000.0,3.111e+06,,2.376987e+06,477339.0,2020,1,0,,,,
2020-02-01,3.879e+06,619000.0,400000.0,86000.0,2.712e+06,,,442886.0,2020,2,1,4.514e+06,,,
2020-03-01,4.322e+06,738000.0,407000.0,52000.0,3.002e+06,,,448093.0,2020,3,2,3.879e+06,,,
2020-04-01,4.113e+06,770000.0,372000.0,48000.0,2.855e+06,,2.24922e+06,415222.0,2020,4,3,4.322e+06,4.514e+06,,
2020-05-01,3.924e+06,785000.0,351000.0,72000.0,2.656e+06,,,386955.0,2020,5,4,4.113e+06,3.879e+06,,
2020-06-01,3.829e+06,802000.0,254000.0,56000.0,2.652e+06,,,302330.0,2020,6,5,3.924e+06,4.322e+06,,
2020-07-01,4.157e+06,987000.0,245000.0,30000.0,2.893e+06,,2.282631e+06,337035.0,2020,7,6,3.829e+06,4.113e+06,4.514e+06,
2020-08-01,4.168e+06,1.026e+06,273000.0,27000.0,2.84e+06,,,372055.0,2020,8,7,4.157e+06,3.924e+06,3.879e+06,
2020-09-01,4.217e+06,932000.0,362000.0,25000.0,2.896e+06,,,375126.0,2020,9,8,4.168e+06,3.829e+06,4.322e+06,
2020-10-01,4.152e+06,1.083e+06,328000.0,33000.0,2.706e+06,,2.512847e+06,412622.0,2020,10,9,4.217e+06,4.157e+06,4.113e+06,
2020-11-01,4.262e+06,1.059e+06,324000.0,50000.0,2.828e+06,,,363735.0,2020,11,10,4.152e+06,4.168e+06,3.924e+06,
2020-12-01,4.289e+06,1.018e+06,295000.0,42000.0,2.934e+06,,,413230.0,2020,12,11,4.262e+06,4.217e+06,3.829e+06,
2021-01-01,4.502e+06,1.129e+06,336000.0,43000.0,2.994e+06,659723.25,2.492352e+06,413650.0,2021,1,12,4.289e+06,4.152e+06,4.157e+06,4.514e+06
2021-02-01,4.12e+06,1.001e+06,358000.0,33000.0,2.726e+06,617898.3,,418415.0,2021,2,13,4.502e+06,4.262e+06,4.168e+06,3.879e+06
2021-03-01,4.199e+06,990000.0,318000.0,30000.0,2.833e+06,614311.25,,442026.0,2021,3,14,4.12e+06,4.289e+06,4.217e+06,4.322e+06
2021-04-01,4.256e+06,1.089e+06,297000.0,33000.0,2.812e+06,658239.7,2.534694e+06,417305.0,2021,4,15,4.199e+06,4.502e+06,4.152e+06,4.113e+06
2021-05-01,4.071e+06,984000.0,281000.0,30000.0,2.776e+06,652272.56,,417643.0,2021,5,16,4.256e+06,4.12e+06,4.262e+06,3.924e+06
2021-06-01,4.112e+06,1.058e+06,277000.0,30000.0,2.746e+06,650142.94,,377153.0,2021,6,17,4.071e+06,4.199e+06,4.289e+06,3.829e+06
2021-07-01,4.063e+06,1.057e+06,281000.0,25000.0,2.7e+06,668669.5,2.690905e+06,387218.0,2021,7,18,4.112e+06,4.256e+06,4.502e+06,4.157e+06
2021-08-01,4.071e+06,1.054e+06,290000.0,26000.0,2.68e+06,685128.2,,388640.0,2021,8,19,4.063e+06,4.071e+06,4.12e+06,4.168e+06
2021-09-01,3.935e+06,995000.0,331000.0,26000.0,2.581e+06,619770.1,,388027.0,2021,9,20,4.071e+06,4.112e+06,4.199e+06,4.217e+06
2021-10-01,4.254e+06,1.18e+06,308000.0,39000.0,2.706e+06,757401.1,2.694579e+06,414442.0,2021,10,21,3.935e+06,4.063e+06,4.256e+06,4.152e+06
2021-11-01,4.221e+06,1.191e+06,304000.0,20000.0,2.665e+06,713792.25,,465380.0,2021,11,22,4.254e+06,4.071e+06,4.071e+06,4.262e+06
2021-12-01,4.177e+06,1.145e+06,335000.0,21000.0,2.652e+06,681335.2,,486614.0,2021,12,23,4.221e+06,3.935e+06,4.112e+06,4.289e+06
2022-01-01,4.028e+06,1.122e+06,335000.0,13000.0,2.555e+06,630676.75,2.802442e+06,451664.0,2022,1,24,4.177e+06,4.254e+06,4.063e+06,4.502e+06
2022-02-01,3.506e+06,924000.0,280000.0,10000.0,2.276e+06,597847.9,,377649.0,2022,2,25,4.028e+06,4.221e+06,4.071e+06,4.12e+06
2022-03-01,3.769e+06,1.091e+06,271000.0,9000.0,2.393e+06,673952.56,,425073.0,2022,3,26,3.506e+06,4.177e+06,3.935e+06,4.199e+06
2022-04-01,3.749e+06,978000.0,278000.0,7000.0,2.475e+06,648220.1,2.626143e+06,477901.0,2022,4,27,3.769e+06,4.028e+06,4.254e+06,4.256e+06
2022-05-01,4.044e+06,1.094e+06,300000.0,5000.0,2.637e+06,726131.3,,421272.0,2022,5,28,3.749e+06,3.506e+06,4.221e+06,4.071e+06
2022-06-01,3.755e+06,1.121e+06,272000.0,6000.0,2.345e+06,630719.94,,433973.0,2022,6,29,4.044e+06,3.769e+06,4.177e+06,4.112e+06
2022-07-01,4.119e+06,1.287e+06,313000.0,13000.0,2.499e+06,648368.44,2.951365e+06,448037.0,2022,7,30,3.755e+06,3.749e+06,4.028e+06,4.063e+06
2022-08-01,4.116e+06,1.263e+06,330000.0,11000.0,2.498e+06,704986.1,,472448.0,2022,8,31,4.119e+06,4.044e+06,3.506e+06,4.071e+06
2022-09-01,3.959e+06,1.158e+06,329000.0,6000.0,2.444e+06,651424.5,,381570.0,2022,9,32,4.116e+06,3.755e+06,3.769e+06,3.935e+06
2022-10-01,4.252e+06,1.348e+06,305000.0,11000.0,2.564e+06,637520.4,2.946023e+06,453654.0,2022,10,33,3.959e+06,4.119e+06,3.749e+06,4.254e+06
2022-11-01,4.375e+06,1.29e+06,307000.0,22000.0,2.728e+06,619810.44,,412792.0,2022,11,34,4.252e+06,4.116e+06,4.044e+06,4.221e+06
2022-12-01,4.217e+06,1.312e+06,285000.0,20000.0,2.575e+06,675612.56,,476109.0,2022,12,35,4.375e+06,3.959e+06,3.755e+06,4.177e+06
2023-01-01,4.378e+06,1.251e+06,313000.0,10000.0,2.774e+06,618949.25,3.002004e+06,434807.0,2023,1,36,4.217e+06,4.252e+06,4.119e+06,4.028e+06
2023-02-01,3.795e+06,1.142e+06,297000.0,6000.0,2.319e+06,557299.25,,403703.0,2023,2,37,4.378e+06,4.375e+06,4.116e+06,3.506e+06
2023-03-01,4.178e+06,1.267e+06,315000.0,14000.0,2.549e+06,545770.56,,467425.0,2023,3,38,3.795e+06,4.217e+06,3.959e+06,3.769e+06
2023-04-01,4.258e+06,1.218e+06,312000.0,15000.0,2.669e+06,580921.4,2.758078e+06,383908.0,2023,4,39,4.178e+06,4.378e+06,4.252e+06,3.749e+06
2023-05-01,4.525e+06,1.445e+06,312000.0,27000.0,2.697e+06,605161.8,,406355.0,2023,5,40,4.258e+06,3.795e+06,4.375e+06,4.044e+06
2023-06-01,3.932e+06,1.237e+06,271000.0,11000.0,2.358e+06,590046.2,,382955.0,2023,6,41,4.525e+06,4.178e+06,4.217e+06,3.755e+06
2023-07-01,4.517e+06,1.484e+06,287000.0,22000.0,2.665e+06,641684.94,2.565927e+06,412478.0,2023,7,42,3.932e+06,4.258e+06,4.378e+06,4.119e+06
2023-08-01,4.255e+06,1.393e+06,274000.0,8000.0,2.511e+06,658190.2,,420128.0,2023,8,43,4.517e+06,4.525e+06,3.795e+06,4.116e+06
2023-09-01,4.263e+06,1.472e+06,264000.0,20000.0,2.454e+06,610542.8,,384515.0,2023,9,44,4.255e+06,3.932e+06,4.178e+06,3.959e+06
2023-10-01,4.401e+06,1.451e+06,297000.0,35000.0,2.521e+06,635022.7,2.247819e+06,433448.0,2023,10,45,4.263e+06,4.517e+06,4.258e+06,4.252e+06
2023-11-01,4.265e+06,1.542e+06,288000.0,25000.0,2.344e+06,592954.25,,381648.0,2023,11,46,4.401e+06,4.255e+06,4.525e+06,4.375e+06
2023-12-01,5.05e+06,1.81e+06,311000.0,24000.0,2.836e+06,640337.5,,392063.0,2023,12,47,4.265e+06,4.263e+06,3.932e+06,4.217e+06
2024-01-01,4.906e+06,1.658e+06,316000.0,13000.0,2.861e+06,654882.6,2.536897e+06,377542.0,2024,1,48,5.05e+06,4.401e+06,4.517e+06,4.378e+06
2024-02-01,4.509e+06,1.6e+06,296000.0,14000.0,2.554e+06,614805.7,,352541.0,2024,2,49,4.906e+06,4.265e+06,4.255e+06,3.795e+06
2024-03-01,4.448e+06,1.605e+06,310000.0,5000.0,2.419e+06,680591.0,,390678.0,2024,3,50,4.509e+06,5.05e+06,4.263e+06,4.178e+06
2024-04-01,4.235e+06,1.6e+06,277000.0,9000.0,2.252e+06,620282.75,2.589619e+06,375848.0,2024,4,51,4.448e+06,4.906e+06,4.401e+06,4.258e+06
2024-05-01,4.826e+06,1.737e+06,330000.0,14000.0,2.639e+06,598665.56,,398064.0,2024,5,52,4.235e+06,4.509e+06,4.265e+06,4.525e+06
2024-06-01,4.274e+06,1.557e+06,278000.0,7000.0,2.331e+06,594244.5,,385716.0,2024,6,53,4.826e+06,4.448e+06,5.05e+06,3.932e+06
2024-07-01,4.668e+06,1.78e+06,308000.0,1000.0,2.485e+06,603590.1,2.659117e+06,436507.0,2024,7,54,4.274e+06,4.235e+06,4.906e+06,4.517e+06
2024-08-01,4.559e+06,1.694e+06,300000.0,6000.0,2.444e+06,636593.6,,457126.0,2024,8,55,4.668e+06,4.826e+06,4.509e+06,4.255e+06
2024-09-01,4.384e+06,1.639e+06,334000.0,11000.0,2.248e+06,598850.9,,427644.0,2024,9,56,4.559e+06,4.274e+06,4.448e+06,4.263e+06
2024-10-01,4.878e+06,1.82e+06,343000.0,7000.0,2.514e+06,616333.1,2.578246e+06,524549.0,2024,10,57,4.384e+06,4.668e+06,4.235e+06,4.401e+06
2024-11-01,4.463e+06,1.582e+06,337000.0,0.0,2.398e+06,588960.7,,468095.0,2024,11,58,4.878e+06,4.559e+06,4.826e+06,4.265e+06
2024-12-01,4.79e+06,1.875e+06,327000.0,3000.0,2.429e+06,588815.06,,500563.0,2024,12,59,4.463e+06,4.384e+06,4.274e+06,5.05e+06
2025-01-01,4.487e+06,1.655e+06,256000.0,3000.0,2.431e+06,609527.9,2.561802e+06,477900.0,2025,1,60,4.79e+06,4.878e+06,4.668e+06,4.906e+06
2025-02-01,4.145e+06,1.624e+06,305000.0,8000.0,2.065e+06,538803.9,,416061.0,2025,2,61,4.487e+06,4.463e+06,4.559e+06,4.509e+06
2025-03-01,4.469e+06,1.618e+06,333000.0,0.0,2.331e+06,621520.2,,498814.0,2025,3,62,4.145e+06,4.79e+06,4.384e+06,4.448e+06
2025-04-01,4.404e+06,1.7e+06,314000.0,0.0,2.236e+06,650435.8,2.607728e+06,459126.0,2025,4,63,4.469e+06,4.487e+06,4.878e+06,4.235e+06
2025-05-01,4.878e+06,1.892e+06,342000.0,1000.0,2.454e+06,596775.44,,453397.0,2025,5,64,4.404e+06,4.145e+06,4.463e+06,4.826e+06
2025-06-01,4.594e+06,1.703e+06,362000.0,4000.0,2.311e+06,546068.3,,431147.0,2025,6,65,4.878e+06,4.469e+06,4.79e+06,4.274e+06
2025-07-01,4.918e+06,1.964e+06,416000.0,3000.0,2.372e+06,620447.6,2.585202e+06,387152.0,2025,7,66,4.594e+06,4.404e+06,4.487e+06,4.668e+06
2025-08-01,4.965e+06,1.891e+06,368000.0,1000.0,2.5e+06,631108.7,,419056.0,2025,8,67,4.918e+06,4.878e+06,4.145e+06,4.559e+06
2025-09-01,4.765e+06,1.872e+06,373000.0,0.0,2.35e+06,618415.9,,376033.0,2025,9,68,4.965e+06,4.594e+06,4.469e+06,4.384e+06
2025-10-01,4.817e+06,1.866e+06,392000.0,2000.0,2.433e+06,604844.5,2.53998e+06,461719.0,2025,10,69,4.765e+06,4.918e+06,4.404e+06,4.878e+06
2025-11-01,4.82e+06,1.818e+06,366000.0,2000.0,2.512e+06,560860.75,,428523.0,2025,11,70,4.817e+06,4.965e+06,4.878e+06,4.463e+06
2025-12-01,5.508e+06,2.117e+06,410000.0,3000.0,2.83e+06,580059.75,,478938.0,2025,12,71,4.82e+06,4.765e+06,4.594e+06,4.79e+06
2026-01-01,5.227e+06,2.159e+06,402000.0,2000.0,2.56e+06,615792.4,1.970045e+06,488661.0,2026,1,72,5.508e+06,4.817e+06,4.918e+06,4.487e+06
2026-02-01,4.674e+06,1.831e+06,370000.0,3000.0,2.309e+06,533746.0,,444042.0,2026,2,73,5.227e+06,4.82e+06,4.965e+06,4.145e+06
2026-03-01,4.765e+06,1.934e+06,346000.0,5000.0,2.337e+06,153834.23,,497900.0,2026,3,74,4.674e+06,5.508e+06,4.765e+06,4.469e+06
2026-04-01,4.351e+06,1.787e+06,256000.0,0.0,2.19e+06,123368.86,,,2026,4,75,4.765e+06,5.227e+06,4.817e+06,4.404e+06
